CÓDIGO_ÓRGÃO;SIGLA_ÓRGÃO;DESCRIÇÃO_ÓRGÃO;CÓDIGO_PROGRAMA;DESCRIÇÃO_PROGRAMA;CÓDIGO_PROJ_ATIV;DESCRIÇÃO_PROJ_ATIV;sub.NOME;CÓDIGO_VÍNCULO_PMSP;REGIÃO;SUBPREFEITURA;TIPO_REGIONALIZAÇÃO;Vl_Liquidado;NIVEL_REGIONALIZAÇÃO;Vl_Orcado_Ano;Vl_Orcado_Atualizado;ano
07;FMD;Fundo Municipal de Desenvolvimento Social;3002;Acesso à Moradia Adequada;3356;Regularização Fundiária;SE;1224;Centro;Subprefeitura Sé;Despesa Regionalizável;5650216,54;Subprefeitura;0,0;0,0;2024
07;FMD;Fundo Municipal de Desenvolvimento Social;3002;Acesso à Moradia Adequada;3356;Regularização Fundiária;CASA VERDE-CACHOEIRINHA;1224;Norte;Subprefeitura Casa Verde/Cachoeirinha;Despesa Regionalizável;578128,38;Subprefeitura;0,0;0,0;2024
07;FMD;Fundo Municipal de Desenvolvimento Social;3002;Acesso à Moradia Adequada;3356;Regularização Fundiária;BUTANTA;1224;Oeste;Subprefeitura Butantã;Despesa Regionalizável;14225292,96;Subprefeitura;0,0;0,0;2024
07;FMD;Fundo Municipal de Desenvolvimento Social;3002;Acesso à Moradia Adequada;3356;Regularização Fundiária;IPIRANGA;1224;Sul;Subprefeitura Ipiranga;Despesa Regionalizável;39205,24;Subprefeitura;0,0;0,0;2024
07;FMD;Fundo Municipal de Desenvolvimento Social;3002;Acesso à Moradia Adequada;3356;Regularização Fundiária;M BOI MIRIM;1224;Sul;Subprefeitura M'Boi Mirim;Despesa Regionalizável;1177144,68;Subprefeitura;0,0;0,0;2024
14;SEHAB;Secretaria Municipal de Habitação;3002;Acesso à Moradia Adequada;1276;Projetos e Ações de Apoio Habitacional;SE;1630;Centro;Subprefeitura Sé;Despesa Regionalizável;504638,09;Subprefeitura;0,0;0,0;2024
14;SEHAB;Secretaria Municipal de Habitação;3002;Acesso à Moradia Adequada;1276;Projetos e Ações de Apoio Habitacional;CIDADE TIRADENTES;1630;Leste;Subprefeitura Cidade Tiradentes;Despesa Regionalizável;5405638,33;Subprefeitura;0,0;0,0;2024
14;SEHAB;Secretaria Municipal de Habitação;3002;Acesso à Moradia Adequada;1276;Projetos e Ações de Apoio Habitacional;ITAIM PAULISTA;1630;Leste;Subprefeitura Itaim Paulista;Despesa Regionalizável;2000000,0;Subprefeitura;0,0;0,0;2024
14;SEHAB;Secretaria Municipal de Habitação;3002;Acesso à Moradia Adequada;1276;Projetos e Ações de Apoio Habitacional;ITAQUERA;1630;Leste;Subprefeitura Itaquera;Despesa Regionalizável;4951154,67;Subprefeitura;0,0;0,0;2024
14;SEHAB;Secretaria Municipal de Habitação;3002;Acesso à Moradia Adequada;1276;Projetos e Ações de Apoio Habitacional;MOOCA;1630;Leste;Subprefeitura Mooca;Despesa Regionalizável;3296500,66;Subprefeitura;0,0;0,0;2024
14;SEHAB;Secretaria Municipal de Habitação;3002;Acesso à Moradia Adequada;1276;Projetos e Ações de Apoio Habitacional;GUAIANASES;1630;Leste;Subprefeitura de Guaianases;Despesa Regionalizável;754970,74;Subprefeitura;0,0;0,0;2024
14;SEHAB;Secretaria Municipal de Habitação;3002;Acesso à Moradia Adequada;1276;Projetos e Ações de Apoio Habitacional;FREGUESIA-BRASILANDIA;1630;Norte;Subprefeitura Freguesia/Brasilândia;Despesa Regionalizável;351966,56;Subprefeitura;0,0;0,0;2024
14;SEHAB;Secretaria Municipal de Habitação;3002;Acesso à Moradia Adequada;1276;Projetos e Ações de Apoio Habitacional;LAPA;1630;Oeste;Subprefeitura Lapa;Despesa Regionalizável;20495674,98;Subprefeitura;0,0;0,0;2024
14;SEHAB;Secretaria Municipal de Habitação;3002;Acesso à Moradia Adequada;1276;Projetos e Ações de Apoio Habitacional;CAMPO LIMPO;1630;Sul;Subprefeitura Campo Limpo;Despesa Regionalizável;2828,82;Subprefeitura;0,0;0,0;2024
14;SEHAB;Secretaria Municipal de Habitação;3002;Acesso à Moradia Adequada;2635;Serviço de Moradia Transitória;;9001;Centro;Supra Subprefeitura Centro;Despesa Não-Regionalizável;1807950,0;Região;0,0;0,0;2024
14;SEHAB;Secretaria Municipal de Habitação;3002;Acesso à Moradia Adequada;2635;Serviço de Moradia Transitória;;9001;Centro;Supra Subprefeitura Centro;Despesa Regionalizável;140400,0;Região;0,0;0,0;2024
14;SEHAB;Secretaria Municipal de Habitação;3002;Acesso à Moradia Adequada;2635;Serviço de Moradia Transitória;;9001;Leste;Supra Subprefeitura Leste;Despesa Não-Regionalizável;4164200,0;Região;0,0;0,0;2024
14;SEHAB;Secretaria Municipal de Habitação;3002;Acesso à Moradia Adequada;2635;Serviço de Moradia Transitória;;9001;Leste;Supra Subprefeitura Leste;Despesa Regionalizável;231300,0;Região;0,0;0,0;2024
14;SEHAB;Secretaria Municipal de Habitação;3002;Acesso à Moradia Adequada;2635;Serviço de Moradia Transitória;;9001;Norte;Supra Subprefeitura Norte;Despesa Não-Regionalizável;2674800,0;Região;0,0;0,0;2024
14;SEHAB;Secretaria Municipal de Habitação;3002;Acesso à Moradia Adequada;2635;Serviço de Moradia Transitória;;9001;Norte;Supra Subprefeitura Norte;Despesa Regionalizável;34200,0;Região;0,0;0,0;2024
14;SEHAB;Secretaria Municipal de Habitação;3002;Acesso à Moradia Adequada;2635;Serviço de Moradia Transitória;;9001;Sul;Supra Subprefeitura Sul;Despesa Não-Regionalizável;14084100,0;Região;0,0;0,0;2024
14;SEHAB;Secretaria Municipal de Habitação;3002;Acesso à Moradia Adequada;2635;Serviço de Moradia Transitória;;9001;Sul;Supra Subprefeitura Sul;Despesa Regionalizável;67500,0;Região;0,0;0,0;2024
14;SEHAB;Secretaria Municipal de Habitação;3002;Acesso à Moradia Adequada;3340;Programa Pode Entrar;;0000;Supra-Regional;Supra Subprefeitura;Despesa Não-Regionalizável;1080000000,0;Não regionalizável;0,0;0,0;2024
14;SEHAB;Secretaria Municipal de Habitação;3002;Acesso à Moradia Adequada;3340;Programa Pode Entrar;SE;0003;Centro;Subprefeitura Sé;Despesa Regionalizável;768185644,1;Subprefeitura;0,0;0,0;2024
14;SEHAB;Secretaria Municipal de Habitação;3002;Acesso à Moradia Adequada;3340;Programa Pode Entrar;CIDADE TIRADENTES;0003;Leste;Subprefeitura Cidade Tiradentes;Despesa Regionalizável;2774761,49;Subprefeitura;0,0;0,0;2024
14;SEHAB;Secretaria Municipal de Habitação;3002;Acesso à Moradia Adequada;3340;Programa Pode Entrar;ITAQUERA;0003;Leste;Subprefeitura Itaquera;Despesa Regionalizável;6112267,35;Subprefeitura;0,0;0,0;2024
14;SEHAB;Secretaria Municipal de Habitação;3002;Acesso à Moradia Adequada;3340;Programa Pode Entrar;MOOCA;0003;Leste;Subprefeitura Mooca;Despesa Regionalizável;11866191,73;Subprefeitura;0,0;0,0;2024
14;SEHAB;Secretaria Municipal de Habitação;3002;Acesso à Moradia Adequada;3340;Programa Pode Entrar;SAO MATEUS;0003;Leste;Subprefeitura São Mateus;Despesa Regionalizável;2117307,34;Subprefeitura;0,0;0,0;2024
14;SEHAB;Secretaria Municipal de Habitação;3002;Acesso à Moradia Adequada;3340;Programa Pode Entrar;GUAIANASES;0003;Leste;Subprefeitura de Guaianases;Despesa Regionalizável;1211974,31;Subprefeitura;0,0;0,0;2024
14;SEHAB;Secretaria Municipal de Habitação;3002;Acesso à Moradia Adequada;3340;Programa Pode Entrar;VILA MARIA-VILA GUILHERME;0003;Norte;Subprefeitura Vila Maria/Vila Guilherme;Despesa Regionalizável;7250000,0;Subprefeitura;0,0;0,0;2024
14;SEHAB;Secretaria Municipal de Habitação;3002;Acesso à Moradia Adequada;3340;Programa Pode Entrar;CAMPO LIMPO;0003;Sul;Subprefeitura Campo Limpo;Despesa Regionalizável;3008171,84;Subprefeitura;0,0;0,0;2024
14;SEHAB;Secretaria Municipal de Habitação;3002;Acesso à Moradia Adequada;3340;Programa Pode Entrar;LAPA;1202;Oeste;Subprefeitura Lapa;Despesa Regionalizável;20742694,74;Subprefeitura;0,0;0,0;2024
14;SEHAB;Secretaria Municipal de Habitação;3002;Acesso à Moradia Adequada;3354;Construção de Unidades Habitacionais;;0003;Leste;Supra Subprefeitura Leste;Despesa Regionalizável;306813,92;Região;0,0;0,0;2024
14;SEHAB;Secretaria Municipal de Habitação;3002;Acesso à Moradia Adequada;3354;Construção de Unidades Habitacionais;LAPA;0003;Oeste;Subprefeitura Lapa;Despesa Regionalizável;70982876,28;Subprefeitura;0,0;0,0;2024
14;SEHAB;Secretaria Municipal de Habitação;3002;Acesso à Moradia Adequada;3354;Construção de Unidades Habitacionais;PINHEIROS;0003;Oeste;Subprefeitura Pinheiros;Despesa Regionalizável;3728697,55;Subprefeitura;0,0;0,0;2024
14;SEHAB;Secretaria Municipal de Habitação;3002;Acesso à Moradia Adequada;3354;Construção de Unidades Habitacionais;IPIRANGA;0715;Sul;Subprefeitura Ipiranga;Despesa Regionalizável;7684125,41;Subprefeitura;0,0;0,0;2024
14;SEHAB;Secretaria Municipal de Habitação;3002;Acesso à Moradia Adequada;3354;Construção de Unidades Habitacionais;CAMPO LIMPO;0769;Sul;Subprefeitura Campo Limpo;Despesa Regionalizável;619222,16;Subprefeitura;0,0;0,0;2024
14;SEHAB;Secretaria Municipal de Habitação;3002;Acesso à Moradia Adequada;3354;Construção de Unidades Habitacionais;;9001;Leste;Supra Subprefeitura Leste;Despesa Regionalizável;152923,7;Região;0,0;0,0;2024
14;SEHAB;Secretaria Municipal de Habitação;3002;Acesso à Moradia Adequada;3354;Construção de Unidades Habitacionais;LAPA;9001;Oeste;Subprefeitura Lapa;Despesa Regionalizável;2229560,5;Subprefeitura;0,0;0,0;2024
14;SEHAB;Secretaria Municipal de Habitação;3002;Acesso à Moradia Adequada;3354;Construção de Unidades Habitacionais;CAMPO LIMPO;9001;Sul;Subprefeitura Campo Limpo;Despesa Regionalizável;46898,24;Subprefeitura;0,0;0,0;2024
14;SEHAB;Secretaria Municipal de Habitação;3002;Acesso à Moradia Adequada;3356;Regularização Fundiária;;0003;Leste;Supra Subprefeitura Leste;Despesa Regionalizável;15256762,4;Região;0,0;0,0;2024
14;SEHAB;Secretaria Municipal de Habitação;3002;Acesso à Moradia Adequada;3356;Regularização Fundiária;;0003;Norte;Supra Subprefeitura Norte;Despesa Regionalizável;8630305,99;Região;0,0;0,0;2024
14;SEHAB;Secretaria Municipal de Habitação;3002;Acesso à Moradia Adequada;3356;Regularização Fundiária;;0003;Sul;Supra Subprefeitura Sul;Despesa Regionalizável;17350671,03;Região;0,0;0,0;2024
14;SEHAB;Secretaria Municipal de Habitação;3002;Acesso à Moradia Adequada;3356;Regularização Fundiária;;9001;Leste;Supra Subprefeitura Leste;Despesa Regionalizável;3218514,03;Região;0,0;0,0;2024
14;SEHAB;Secretaria Municipal de Habitação;3002;Acesso à Moradia Adequada;3356;Regularização Fundiária;;9001;Norte;Supra Subprefeitura Norte;Despesa Regionalizável;955305,75;Região;0,0;0,0;2024
14;SEHAB;Secretaria Municipal de Habitação;3002;Acesso à Moradia Adequada;3356;Regularização Fundiária;;9001;Sul;Supra Subprefeitura Sul;Despesa Regionalizável;2835799,98;Região;0,0;0,0;2024
14;SEHAB;Secretaria Municipal de Habitação;3002;Acesso à Moradia Adequada;3357;Urbanização de Favelas;PENHA;0003;Leste;Subprefeitura Penha;Despesa Regionalizável;2829413,73;Subprefeitura;0,0;0,0;2024
14;SEHAB;Secretaria Municipal de Habitação;3002;Acesso à Moradia Adequada;3357;Urbanização de Favelas;SAO MATEUS;0003;Leste;Subprefeitura São Mateus;Despesa Regionalizável;2061982,33;Subprefeitura;0,0;0,0;2024
14;SEHAB;Secretaria Municipal de Habitação;3002;Acesso à Moradia Adequada;3357;Urbanização de Favelas;;0003;Leste;Supra Subprefeitura Leste;Despesa Regionalizável;1315281,87;Região;0,0;0,0;2024
14;SEHAB;Secretaria Municipal de Habitação;3002;Acesso à Moradia Adequada;3357;Urbanização de Favelas;CASA VERDE-CACHOEIRINHA;0003;Norte;Subprefeitura Casa Verde/Cachoeirinha;Despesa Regionalizável;3522584,71;Subprefeitura;0,0;0,0;2024
14;SEHAB;Secretaria Municipal de Habitação;3002;Acesso à Moradia Adequada;3357;Urbanização de Favelas;FREGUESIA-BRASILANDIA;0003;Norte;Subprefeitura Freguesia/Brasilândia;Despesa Regionalizável;142072,27;Subprefeitura;0,0;0,0;2024
14;SEHAB;Secretaria Municipal de Habitação;3002;Acesso à Moradia Adequada;3357;Urbanização de Favelas;PERUS;0003;Norte;Subprefeitura Perus/Anhanguera;Despesa Regionalizável;8083895,2;Subprefeitura;0,0;0,0;2024
14;SEHAB;Secretaria Municipal de Habitação;3002;Acesso à Moradia Adequada;3357;Urbanização de Favelas;SANTANA-TUCURUVI;0003;Norte;Subprefeitura Santana/Tucuruvi;Despesa Regionalizável;586864,78;Subprefeitura;0,0;0,0;2024
14;SEHAB;Secretaria Municipal de Habitação;3002;Acesso à Moradia Adequada;3357;Urbanização de Favelas;VILA MARIA-VILA GUILHERME;0003;Norte;Subprefeitura Vila Maria/Vila Guilherme;Despesa Regionalizável;14543,24;Subprefeitura;0,0;0,0;2024
14;SEHAB;Secretaria Municipal de Habitação;3002;Acesso à Moradia Adequada;3357;Urbanização de Favelas;;0003;Norte;Supra Subprefeitura Norte;Despesa Regionalizável;3544431,07;Região;0,0;0,0;2024
14;SEHAB;Secretaria Municipal de Habitação;3002;Acesso à Moradia Adequada;3357;Urbanização de Favelas;BUTANTA;0003;Oeste;Subprefeitura Butantã;Despesa Regionalizável;29816309,08;Subprefeitura;0,0;0,0;2024
14;SEHAB;Secretaria Municipal de Habitação;3002;Acesso à Moradia Adequada;3357;Urbanização de Favelas;LAPA;0003;Oeste;Subprefeitura Lapa;Despesa Regionalizável;18678067,01;Subprefeitura;0,0;0,0;2024
14;SEHAB;Secretaria Municipal de Habitação;3002;Acesso à Moradia Adequada;3357;Urbanização de Favelas;CAMPO LIMPO;0003;Sul;Subprefeitura Campo Limpo;Despesa Regionalizável;11786493,3;Subprefeitura;0,0;0,0;2024
14;SEHAB;Secretaria Municipal de Habitação;3002;Acesso à Moradia Adequada;3357;Urbanização de Favelas;IPIRANGA;0003;Sul;Subprefeitura Ipiranga;Despesa Regionalizável;1456500,11;Subprefeitura;0,0;0,0;2024
14;SEHAB;Secretaria Municipal de Habitação;3002;Acesso à Moradia Adequada;3357;Urbanização de Favelas;PARELHEIROS;0003;Sul;Subprefeitura Parelheiros;Despesa Regionalizável;704413,86;Subprefeitura;0,0;0,0;2024
14;SEHAB;Secretaria Municipal de Habitação;3002;Acesso à Moradia Adequada;3357;Urbanização de Favelas;;0003;Sul;Supra Subprefeitura Sul;Despesa Regionalizável;8109837,13;Região;0,0;0,0;2024
14;SEHAB;Secretaria Municipal de Habitação;3002;Acesso à Moradia Adequada;3357;Urbanização de Favelas;SAO MATEUS;0747;Leste;Subprefeitura São Mateus;Despesa Regionalizável;1795687,44;Subprefeitura;0,0;0,0;2024
14;SEHAB;Secretaria Municipal de Habitação;3002;Acesso à Moradia Adequada;3357;Urbanização de Favelas;JACANA-TREMEMBE;1322;Norte;Subprefeitura Jaçanã/Tremembé;Despesa Regionalizável;3530784,93;Subprefeitura;0,0;0,0;2024
14;SEHAB;Secretaria Municipal de Habitação;3002;Acesso à Moradia Adequada;3357;Urbanização de Favelas;;1322;Norte;Supra Subprefeitura Norte;Despesa Regionalizável;134596,42;Região;0,0;0,0;2024
14;SEHAB;Secretaria Municipal de Habitação;3002;Acesso à Moradia Adequada;3357;Urbanização de Favelas;BUTANTA;7999;Oeste;Subprefeitura Butantã;Despesa Regionalizável;257863,03;Subprefeitura;0,0;0,0;2024
14;SEHAB;Secretaria Municipal de Habitação;3002;Acesso à Moradia Adequada;3357;Urbanização de Favelas;;9001;Leste;Supra Subprefeitura Leste;Despesa Regionalizável;324599,66;Região;0,0;0,0;2024
14;SEHAB;Secretaria Municipal de Habitação;3002;Acesso à Moradia Adequada;3357;Urbanização de Favelas;;9001;Norte;Supra Subprefeitura Norte;Despesa Regionalizável;714750,68;Região;0,0;0,0;2024
14;SEHAB;Secretaria Municipal de Habitação;3002;Acesso à Moradia Adequada;3357;Urbanização de Favelas;BUTANTA;9001;Oeste;Subprefeitura Butantã;Despesa Regionalizável;3351415,6;Subprefeitura;0,0;0,0;2024
14;SEHAB;Secretaria Municipal de Habitação;3002;Acesso à Moradia Adequada;3357;Urbanização de Favelas;CAMPO LIMPO;9001;Sul;Subprefeitura Campo Limpo;Despesa Regionalizável;649062,5;Subprefeitura;0,0;0,0;2024
14;SEHAB;Secretaria Municipal de Habitação;3002;Acesso à Moradia Adequada;3357;Urbanização de Favelas;M BOI MIRIM;9001;Sul;Subprefeitura M'Boi Mirim;Despesa Regionalizável;837500,0;Subprefeitura;0,0;0,0;2024
14;SEHAB;Secretaria Municipal de Habitação;3002;Acesso à Moradia Adequada;3357;Urbanização de Favelas;;9001;Sul;Supra Subprefeitura Sul;Despesa Regionalizável;1299999,97;Região;0,0;0,0;2024
14;SEHAB;Secretaria Municipal de Habitação;3005;Promoção da Sustentabilidade Ambiental;3355;Execução do Programa de Mananciais;CAPELA DO SOCORRO;0003;Sul;Subprefeitura Capela do Socorro;Despesa Regionalizável;31230277,1;Subprefeitura;0,0;0,0;2024
14;SEHAB;Secretaria Municipal de Habitação;3005;Promoção da Sustentabilidade Ambiental;3355;Execução do Programa de Mananciais;M BOI MIRIM;0003;Sul;Subprefeitura M'Boi Mirim;Despesa Regionalizável;5356787,33;Subprefeitura;0,0;0,0;2024
14;SEHAB;Secretaria Municipal de Habitação;3005;Promoção da Sustentabilidade Ambiental;3355;Execução do Programa de Mananciais;PARELHEIROS;0003;Sul;Subprefeitura Parelheiros;Despesa Regionalizável;19567658,03;Subprefeitura;0,0;0,0;2024
14;SEHAB;Secretaria Municipal de Habitação;3005;Promoção da Sustentabilidade Ambiental;3355;Execução do Programa de Mananciais;;0003;Sul;Supra Subprefeitura Sul;Despesa Regionalizável;12669624,74;Região;0,0;0,0;2024
14;SEHAB;Secretaria Municipal de Habitação;3024;Suporte Administrativo;2100;Administração da Unidade;;9001;Supra-Regional;Supra Subprefeitura;Despesa Não-Regionalizável;24884,92;Não regionalizável;0,0;0,0;2024
29;SMUL;Secretaria Municipal de Urbanismo e Licenciamento;3002;Acesso à Moradia Adequada;3354;Construção de Unidades Habitacionais;SE;0624;Centro;Subprefeitura Sé;Despesa Regionalizável;126954,44;Subprefeitura;0,0;0,0;2024
29;SMUL;Secretaria Municipal de Urbanismo e Licenciamento;3002;Acesso à Moradia Adequada;3354;Construção de Unidades Habitacionais;;0624;Centro;Supra Subprefeitura Centro;Despesa Regionalizável;10800,0;Região;0,0;0,0;2024
29;SMUL;Secretaria Municipal de Urbanismo e Licenciamento;3002;Acesso à Moradia Adequada;3354;Construção de Unidades Habitacionais;JABAQUARA;0624;Sul;Subprefeitura Jabaquara;Despesa Regionalizável;4189472,45;Subprefeitura;0,0;0,0;2024
29;SMUL;Secretaria Municipal de Urbanismo e Licenciamento;3002;Acesso à Moradia Adequada;3354;Construção de Unidades Habitacionais;SANTO AMARO;0624;Sul;Subprefeitura Santo Amaro;Despesa Regionalizável;1641930,75;Subprefeitura;0,0;0,0;2024
29;SMUL;Secretaria Municipal de Urbanismo e Licenciamento;3002;Acesso à Moradia Adequada;3354;Construção de Unidades Habitacionais;;0624;Sul;Supra Subprefeitura Sul;Despesa Regionalizável;3099240,0;Região;0,0;0,0;2024
29;SMUL;Secretaria Municipal de Urbanismo e Licenciamento;3002;Acesso à Moradia Adequada;3354;Construção de Unidades Habitacionais;;0625;Norte;Supra Subprefeitura Norte;Despesa Regionalizável;62120,56;Região;0,0;0,0;2024
29;SMUL;Secretaria Municipal de Urbanismo e Licenciamento;3002;Acesso à Moradia Adequada;3354;Construção de Unidades Habitacionais;PINHEIROS;0625;Oeste;Subprefeitura Pinheiros;Despesa Regionalizável;1879613,0;Subprefeitura;0,0;0,0;2024
29;SMUL;Secretaria Municipal de Urbanismo e Licenciamento;3002;Acesso à Moradia Adequada;3354;Construção de Unidades Habitacionais;;0625;Oeste;Supra Subprefeitura Oeste;Despesa Regionalizável;557771,81;Região;0,0;0,0;2024
29;SMUL;Secretaria Municipal de Urbanismo e Licenciamento;3002;Acesso à Moradia Adequada;3354;Construção de Unidades Habitacionais;;0625;Sul;Supra Subprefeitura Sul;Despesa Regionalizável;2136936,16;Região;0,0;0,0;2024
29;SMUL;Secretaria Municipal de Urbanismo e Licenciamento;3002;Acesso à Moradia Adequada;3354;Construção de Unidades Habitacionais;LAPA;0710;Oeste;Subprefeitura Lapa;Despesa Regionalizável;3279167,89;Subprefeitura;0,0;0,0;2024
83;COHAB;Companhia Metropolitana de Habitação de São Paulo;3002;Acesso à Moradia Adequada;3353;Ampliação, Reforma e Requalificação de Unidades Habitacionais;CIDADE TIRADENTES;8003;Leste;Subprefeitura Cidade Tiradentes;Despesa Regionalizável;3689786,21;Subprefeitura;0,0;0,0;2024
83;COHAB;Companhia Metropolitana de Habitação de São Paulo;3002;Acesso à Moradia Adequada;3353;Ampliação, Reforma e Requalificação de Unidades Habitacionais;ITAIM PAULISTA;8003;Leste;Subprefeitura Itaim Paulista;Despesa Regionalizável;70219,26;Subprefeitura;0,0;0,0;2024
83;COHAB;Companhia Metropolitana de Habitação de São Paulo;3002;Acesso à Moradia Adequada;3353;Ampliação, Reforma e Requalificação de Unidades Habitacionais;ITAQUERA;8003;Leste;Subprefeitura Itaquera;Despesa Regionalizável;285179,22;Subprefeitura;0,0;0,0;2024
83;COHAB;Companhia Metropolitana de Habitação de São Paulo;3002;Acesso à Moradia Adequada;3353;Ampliação, Reforma e Requalificação de Unidades Habitacionais;PENHA;8003;Leste;Subprefeitura Penha;Despesa Regionalizável;98724,46;Subprefeitura;0,0;0,0;2024
83;COHAB;Companhia Metropolitana de Habitação de São Paulo;3002;Acesso à Moradia Adequada;3353;Ampliação, Reforma e Requalificação de Unidades Habitacionais;VILA PRUDENTE;8003;Leste;Subprefeitura de Vila Prudente;Despesa Regionalizável;86990,58;Subprefeitura;0,0;0,0;2024
83;COHAB;Companhia Metropolitana de Habitação de São Paulo;3002;Acesso à Moradia Adequada;3353;Ampliação, Reforma e Requalificação de Unidades Habitacionais;CASA VERDE-CACHOEIRINHA;8003;Norte;Subprefeitura Casa Verde/Cachoeirinha;Despesa Regionalizável;1083289,69;Subprefeitura;0,0;0,0;2024
83;COHAB;Companhia Metropolitana de Habitação de São Paulo;3002;Acesso à Moradia Adequada;3353;Ampliação, Reforma e Requalificação de Unidades Habitacionais;BUTANTA;8003;Oeste;Subprefeitura Butantã;Despesa Regionalizável;581982,86;Subprefeitura;0,0;0,0;2024
83;COHAB;Companhia Metropolitana de Habitação de São Paulo;3002;Acesso à Moradia Adequada;3353;Ampliação, Reforma e Requalificação de Unidades Habitacionais;IPIRANGA;8003;Sul;Subprefeitura Ipiranga;Despesa Regionalizável;5808230,24;Subprefeitura;0,0;0,0;2024
83;COHAB;Companhia Metropolitana de Habitação de São Paulo;3002;Acesso à Moradia Adequada;3354;Construção de Unidades Habitacionais;SE;0003;Centro;Subprefeitura Sé;Despesa Regionalizável;21149750,39;Subprefeitura;0,0;0,0;2024
83;COHAB;Companhia Metropolitana de Habitação de São Paulo;3002;Acesso à Moradia Adequada;3354;Construção de Unidades Habitacionais;SE;8003;Centro;Subprefeitura Sé;Despesa Regionalizável;8276544,49;Subprefeitura;0,0;0,0;2024
83;COHAB;Companhia Metropolitana de Habitação de São Paulo;3002;Acesso à Moradia Adequada;3354;Construção de Unidades Habitacionais;MOOCA;8003;Leste;Subprefeitura Mooca;Despesa Regionalizável;18728356,88;Subprefeitura;0,0;0,0;2024
83;COHAB;Companhia Metropolitana de Habitação de São Paulo;3002;Acesso à Moradia Adequada;3354;Construção de Unidades Habitacionais;SAO MATEUS;8003;Leste;Subprefeitura São Mateus;Despesa Regionalizável;93000,0;Subprefeitura;0,0;0,0;2024
83;COHAB;Companhia Metropolitana de Habitação de São Paulo;3002;Acesso à Moradia Adequada;3354;Construção de Unidades Habitacionais;PERUS;8003;Norte;Subprefeitura Perus/Anhanguera;Despesa Regionalizável;6690665,09;Subprefeitura;0,0;0,0;2024
83;COHAB;Companhia Metropolitana de Habitação de São Paulo;3002;Acesso à Moradia Adequada;3354;Construção de Unidades Habitacionais;VILA MARIA-VILA GUILHERME;8003;Norte;Subprefeitura Vila Maria/Vila Guilherme;Despesa Regionalizável;50397,16;Subprefeitura;0,0;0,0;2024
83;COHAB;Companhia Metropolitana de Habitação de São Paulo;3002;Acesso à Moradia Adequada;3354;Construção de Unidades Habitacionais;IPIRANGA;8003;Sul;Subprefeitura Ipiranga;Despesa Regionalizável;1089582,88;Subprefeitura;0,0;0,0;2024
83;COHAB;Companhia Metropolitana de Habitação de São Paulo;3002;Acesso à Moradia Adequada;3354;Construção de Unidades Habitacionais;SE;9001;Centro;Subprefeitura Sé;Despesa Regionalizável;0,13;Subprefeitura;0,0;0,0;2024
83;COHAB;Companhia Metropolitana de Habitação de São Paulo;3002;Acesso à Moradia Adequada;3356;Regularização Fundiária;SE;8003;Centro;Subprefeitura Sé;Despesa Regionalizável;968294,48;Subprefeitura;0,0;0,0;2024
83;COHAB;Companhia Metropolitana de Habitação de São Paulo;3002;Acesso à Moradia Adequada;3356;Regularização Fundiária;ITAIM PAULISTA;8003;Leste;Subprefeitura Itaim Paulista;Despesa Regionalizável;101237,37;Subprefeitura;0,0;0,0;2024
83;COHAB;Companhia Metropolitana de Habitação de São Paulo;3002;Acesso à Moradia Adequada;3356;Regularização Fundiária;ITAQUERA;8003;Leste;Subprefeitura Itaquera;Despesa Regionalizável;21048595,3;Subprefeitura;0,0;0,0;2024
83;COHAB;Companhia Metropolitana de Habitação de São Paulo;3002;Acesso à Moradia Adequada;3356;Regularização Fundiária;SAO MATEUS;8003;Leste;Subprefeitura São Mateus;Despesa Regionalizável;189028600,0;Subprefeitura;0,0;0,0;2024
83;COHAB;Companhia Metropolitana de Habitação de São Paulo;3002;Acesso à Moradia Adequada;3356;Regularização Fundiária;LAPA;8003;Oeste;Subprefeitura Lapa;Despesa Regionalizável;66025,05;Subprefeitura;0,0;0,0;2024
83;COHAB;Companhia Metropolitana de Habitação de São Paulo;3002;Acesso à Moradia Adequada;3356;Regularização Fundiária;CAMPO LIMPO;8003;Sul;Subprefeitura Campo Limpo;Despesa Regionalizável;875871,0;Subprefeitura;0,0;0,0;2024
83;COHAB;Companhia Metropolitana de Habitação de São Paulo;3002;Acesso à Moradia Adequada;3356;Regularização Fundiária;IPIRANGA;8003;Sul;Subprefeitura Ipiranga;Despesa Regionalizável;2181426,14;Subprefeitura;0,0;0,0;2024
83;COHAB;Companhia Metropolitana de Habitação de São Paulo;3002;Acesso à Moradia Adequada;3661;Parceria Público Privada - Habitação;MOOCA;8003;Leste;Subprefeitura Mooca;Despesa Regionalizável;245309,84;Subprefeitura;0,0;0,0;2024
83;COHAB;Companhia Metropolitana de Habitação de São Paulo;3002;Acesso à Moradia Adequada;3661;Parceria Público Privada - Habitação;SANTANA-TUCURUVI;8003;Norte;Subprefeitura Santana/Tucuruvi;Despesa Regionalizável;469727,04;Subprefeitura;0,0;0,0;2024
83;COHAB;Companhia Metropolitana de Habitação de São Paulo;3002;Acesso à Moradia Adequada;3661;Parceria Público Privada - Habitação;VILA MARIA-VILA GUILHERME;8003;Norte;Subprefeitura Vila Maria/Vila Guilherme;Despesa Regionalizável;86000000,0;Subprefeitura;0,0;0,0;2024
83;COHAB;Companhia Metropolitana de Habitação de São Paulo;3002;Acesso à Moradia Adequada;3661;Parceria Público Privada - Habitação;LAPA;8003;Oeste;Subprefeitura Lapa;Despesa Regionalizável;2151221,39;Subprefeitura;0,0;0,0;2024
83;COHAB;Companhia Metropolitana de Habitação de São Paulo;3002;Acesso à Moradia Adequada;3661;Parceria Público Privada - Habitação;SE;9001;Centro;Subprefeitura Sé;Despesa Regionalizável;52000000,0;Subprefeitura;0,0;0,0;2024
83;COHAB;Companhia Metropolitana de Habitação de São Paulo;3002;Acesso à Moradia Adequada;4353;Manutenção de Unidades Habitacionais;SE;9001;Centro;Subprefeitura Sé;Despesa Regionalizável;7185634,3;Subprefeitura;0,0;0,0;2024
83;COHAB;Companhia Metropolitana de Habitação de São Paulo;3002;Acesso à Moradia Adequada;4353;Manutenção de Unidades Habitacionais;CIDADE TIRADENTES;9001;Leste;Subprefeitura Cidade Tiradentes;Despesa Regionalizável;461377,47;Subprefeitura;0,0;0,0;2024
83;COHAB;Companhia Metropolitana de Habitação de São Paulo;3002;Acesso à Moradia Adequada;4353;Manutenção de Unidades Habitacionais;MOOCA;9001;Leste;Subprefeitura Mooca;Despesa Regionalizável;457954,23;Subprefeitura;0,0;0,0;2024
83;COHAB;Companhia Metropolitana de Habitação de São Paulo;3002;Acesso à Moradia Adequada;4353;Manutenção de Unidades Habitacionais;IPIRANGA;9001;Sul;Subprefeitura Ipiranga;Despesa Regionalizável;1708568,75;Subprefeitura;0,0;0,0;2024
83;COHAB;Companhia Metropolitana de Habitação de São Paulo;3011;Modernização Tecnológica, Desburocratização e Inovação do Serviço Público;2818;Aquisição de Materiais, Equipamentos e Serviços de Informação e Comunicação;;8003;Supra-Regional;Supra Subprefeitura;Despesa Não-Regionalizável;4667293,67;Não regionalizável;0,0;0,0;2024
83;COHAB;Companhia Metropolitana de Habitação de São Paulo;3024;Suporte Administrativo;2100;Administração da Unidade;;8003;Supra-Regional;Supra Subprefeitura;Despesa Não-Regionalizável;25998607,23;Não regionalizável;0,0;0,0;2024
83;COHAB;Companhia Metropolitana de Habitação de São Paulo;3024;Suporte Administrativo;2100;Administração da Unidade;;9001;Supra-Regional;Supra Subprefeitura;Despesa Não-Regionalizável;104335257,8;Não regionalizável;0,0;0,0;2024
83;COHAB;Companhia Metropolitana de Habitação de São Paulo;3024;Suporte Administrativo;2106;Manutenção e Operação do Programa de Estágios;;9001;Supra-Regional;Supra Subprefeitura;Despesa Não-Regionalizável;1930191,97;Não regionalizável;0,0;0,0;2024
83;COHAB;Companhia Metropolitana de Habitação de São Paulo;3024;Suporte Administrativo;2171;Manutenção e Operação de Sistemas de Informação e Comunicação;;9001;Supra-Regional;Supra Subprefeitura;Despesa Não-Regionalizável;2836691,7;Não regionalizável;0,0;0,0;2024
83;COHAB;Companhia Metropolitana de Habitação de São Paulo;3024;Suporte Administrativo;2611;Administração da Carteira Imobiliária;;9001;Supra-Regional;Supra Subprefeitura;Despesa Não-Regionalizável;47421591,14;Não regionalizável;0,0;0,0;2024
86;FMSAI;Fundo Municipal de Saneamento Ambiental e Infraestrutura;3002;Acesso à Moradia Adequada;3354;Construção de Unidades Habitacionais;SE;0709;Centro;Subprefeitura Sé;Despesa Regionalizável;82902,52;Subprefeitura;0,0;0,0;2024
86;FMSAI;Fundo Municipal de Saneamento Ambiental e Infraestrutura;3002;Acesso à Moradia Adequada;3354;Construção de Unidades Habitacionais;;0709;Centro;Supra Subprefeitura Centro;Despesa Regionalizável;3264757,59;Região;0,0;0,0;2024
86;FMSAI;Fundo Municipal de Saneamento Ambiental e Infraestrutura;3002;Acesso à Moradia Adequada;3354;Construção de Unidades Habitacionais;CIDADE TIRADENTES;0709;Leste;Subprefeitura Cidade Tiradentes;Despesa Regionalizável;6893,53;Subprefeitura;0,0;0,0;2024
86;FMSAI;Fundo Municipal de Saneamento Ambiental e Infraestrutura;3002;Acesso à Moradia Adequada;3354;Construção de Unidades Habitacionais;ITAQUERA;0709;Leste;Subprefeitura Itaquera;Despesa Regionalizável;67,7;Subprefeitura;0,0;0,0;2024
86;FMSAI;Fundo Municipal de Saneamento Ambiental e Infraestrutura;3002;Acesso à Moradia Adequada;3354;Construção de Unidades Habitacionais;MOOCA;0709;Leste;Subprefeitura Mooca;Despesa Regionalizável;16287,12;Subprefeitura;0,0;0,0;2024
86;FMSAI;Fundo Municipal de Saneamento Ambiental e Infraestrutura;3002;Acesso à Moradia Adequada;3354;Construção de Unidades Habitacionais;SAO MATEUS;0709;Leste;Subprefeitura São Mateus;Despesa Regionalizável;29109,87;Subprefeitura;0,0;0,0;2024
86;FMSAI;Fundo Municipal de Saneamento Ambiental e Infraestrutura;3002;Acesso à Moradia Adequada;3354;Construção de Unidades Habitacionais;SAO MIGUEL;0709;Leste;Subprefeitura São Miguel Paulista;Despesa Regionalizável;10322,42;Subprefeitura;0,0;0,0;2024
86;FMSAI;Fundo Municipal de Saneamento Ambiental e Infraestrutura;3002;Acesso à Moradia Adequada;3354;Construção de Unidades Habitacionais;GUAIANASES;0709;Leste;Subprefeitura de Guaianases;Despesa Regionalizável;1083,25;Subprefeitura;0,0;0,0;2024
86;FMSAI;Fundo Municipal de Saneamento Ambiental e Infraestrutura;3002;Acesso à Moradia Adequada;3354;Construção de Unidades Habitacionais;;0709;Leste;Supra Subprefeitura Leste;Despesa Regionalizável;6418910,92;Região;0,0;0,0;2024
86;FMSAI;Fundo Municipal de Saneamento Ambiental e Infraestrutura;3002;Acesso à Moradia Adequada;3354;Construção de Unidades Habitacionais;CASA VERDE-CACHOEIRINHA;0709;Norte;Subprefeitura Casa Verde/Cachoeirinha;Despesa Regionalizável;5063,4;Subprefeitura;0,0;0,0;2024
86;FMSAI;Fundo Municipal de Saneamento Ambiental e Infraestrutura;3002;Acesso à Moradia Adequada;3354;Construção de Unidades Habitacionais;SANTANA-TUCURUVI;0709;Norte;Subprefeitura Santana/Tucuruvi;Despesa Regionalizável;3488038,75;Subprefeitura;0,0;0,0;2024
86;FMSAI;Fundo Municipal de Saneamento Ambiental e Infraestrutura;3002;Acesso à Moradia Adequada;3354;Construção de Unidades Habitacionais;;0709;Norte;Supra Subprefeitura Norte;Despesa Regionalizável;4548084,84;Região;0,0;0,0;2024
86;FMSAI;Fundo Municipal de Saneamento Ambiental e Infraestrutura;3002;Acesso à Moradia Adequada;3354;Construção de Unidades Habitacionais;BUTANTA;0709;Oeste;Subprefeitura Butantã;Despesa Regionalizável;5736232,71;Subprefeitura;0,0;0,0;2024
86;FMSAI;Fundo Municipal de Saneamento Ambiental e Infraestrutura;3002;Acesso à Moradia Adequada;3354;Construção de Unidades Habitacionais;LAPA;0709;Oeste;Subprefeitura Lapa;Despesa Regionalizável;9541438,57;Subprefeitura;0,0;0,0;2024
86;FMSAI;Fundo Municipal de Saneamento Ambiental e Infraestrutura;3002;Acesso à Moradia Adequada;3354;Construção de Unidades Habitacionais;PINHEIROS;0709;Oeste;Subprefeitura Pinheiros;Despesa Regionalizável;5171,93;Subprefeitura;0,0;0,0;2024
86;FMSAI;Fundo Municipal de Saneamento Ambiental e Infraestrutura;3002;Acesso à Moradia Adequada;3354;Construção de Unidades Habitacionais;;0709;Oeste;Supra Subprefeitura Oeste;Despesa Regionalizável;2948171,21;Região;0,0;0,0;2024
86;FMSAI;Fundo Municipal de Saneamento Ambiental e Infraestrutura;3002;Acesso à Moradia Adequada;3354;Construção de Unidades Habitacionais;CAMPO LIMPO;0709;Sul;Subprefeitura Campo Limpo;Despesa Regionalizável;7056,07;Subprefeitura;0,0;0,0;2024
86;FMSAI;Fundo Municipal de Saneamento Ambiental e Infraestrutura;3002;Acesso à Moradia Adequada;3354;Construção de Unidades Habitacionais;M BOI MIRIM;0709;Sul;Subprefeitura M'Boi Mirim;Despesa Regionalizável;7494,11;Subprefeitura;0,0;0,0;2024
86;FMSAI;Fundo Municipal de Saneamento Ambiental e Infraestrutura;3002;Acesso à Moradia Adequada;3354;Construção de Unidades Habitacionais;SANTO AMARO;0709;Sul;Subprefeitura Santo Amaro;Despesa Regionalizável;7155,59;Subprefeitura;0,0;0,0;2024
86;FMSAI;Fundo Municipal de Saneamento Ambiental e Infraestrutura;3002;Acesso à Moradia Adequada;3354;Construção de Unidades Habitacionais;;0709;Sul;Supra Subprefeitura Sul;Despesa Regionalizável;19249037,14;Região;0,0;0,0;2024
86;FMSAI;Fundo Municipal de Saneamento Ambiental e Infraestrutura;3002;Acesso à Moradia Adequada;3356;Regularização Fundiária;ITAQUERA;0709;Leste;Subprefeitura Itaquera;Despesa Regionalizável;4303115,0;Subprefeitura;0,0;0,0;2024
86;FMSAI;Fundo Municipal de Saneamento Ambiental e Infraestrutura;3002;Acesso à Moradia Adequada;3356;Regularização Fundiária;;0709;Leste;Supra Subprefeitura Leste;Despesa Regionalizável;5602238,31;Região;0,0;0,0;2024
86;FMSAI;Fundo Municipal de Saneamento Ambiental e Infraestrutura;3002;Acesso à Moradia Adequada;3356;Regularização Fundiária;;0709;Norte;Supra Subprefeitura Norte;Despesa Regionalizável;3824799,04;Região;0,0;0,0;2024
86;FMSAI;Fundo Municipal de Saneamento Ambiental e Infraestrutura;3002;Acesso à Moradia Adequada;3356;Regularização Fundiária;;0709;Sul;Supra Subprefeitura Sul;Despesa Regionalizável;5482138,66;Região;0,0;0,0;2024
86;FMSAI;Fundo Municipal de Saneamento Ambiental e Infraestrutura;3002;Acesso à Moradia Adequada;3357;Urbanização de Favelas;SE;0709;Centro;Subprefeitura Sé;Despesa Regionalizável;89468,34;Subprefeitura;0,0;0,0;2024
86;FMSAI;Fundo Municipal de Saneamento Ambiental e Infraestrutura;3002;Acesso à Moradia Adequada;3357;Urbanização de Favelas;;0709;Centro;Supra Subprefeitura Centro;Despesa Regionalizável;7528612,54;Região;0,0;0,0;2024
86;FMSAI;Fundo Municipal de Saneamento Ambiental e Infraestrutura;3002;Acesso à Moradia Adequada;3357;Urbanização de Favelas;CIDADE TIRADENTES;0709;Leste;Subprefeitura Cidade Tiradentes;Despesa Regionalizável;790937,56;Subprefeitura;0,0;0,0;2024
86;FMSAI;Fundo Municipal de Saneamento Ambiental e Infraestrutura;3002;Acesso à Moradia Adequada;3357;Urbanização de Favelas;ITAQUERA;0709;Leste;Subprefeitura Itaquera;Despesa Regionalizável;270,82;Subprefeitura;0,0;0,0;2024
86;FMSAI;Fundo Municipal de Saneamento Ambiental e Infraestrutura;3002;Acesso à Moradia Adequada;3357;Urbanização de Favelas;MOOCA;0709;Leste;Subprefeitura Mooca;Despesa Regionalizável;65148,48;Subprefeitura;0,0;0,0;2024
86;FMSAI;Fundo Municipal de Saneamento Ambiental e Infraestrutura;3002;Acesso à Moradia Adequada;3357;Urbanização de Favelas;PENHA;0709;Leste;Subprefeitura Penha;Despesa Regionalizável;254999,17;Subprefeitura;0,0;0,0;2024
86;FMSAI;Fundo Municipal de Saneamento Ambiental e Infraestrutura;3002;Acesso à Moradia Adequada;3357;Urbanização de Favelas;SAO MATEUS;0709;Leste;Subprefeitura São Mateus;Despesa Regionalizável;51672108,84;Subprefeitura;0,0;0,0;2024
86;FMSAI;Fundo Municipal de Saneamento Ambiental e Infraestrutura;3002;Acesso à Moradia Adequada;3357;Urbanização de Favelas;SAO MIGUEL;0709;Leste;Subprefeitura São Miguel Paulista;Despesa Regionalizável;41289,68;Subprefeitura;0,0;0,0;2024
86;FMSAI;Fundo Municipal de Saneamento Ambiental e Infraestrutura;3002;Acesso à Moradia Adequada;3357;Urbanização de Favelas;GUAIANASES;0709;Leste;Subprefeitura de Guaianases;Despesa Regionalizável;4333,01;Subprefeitura;0,0;0,0;2024
86;FMSAI;Fundo Municipal de Saneamento Ambiental e Infraestrutura;3002;Acesso à Moradia Adequada;3357;Urbanização de Favelas;;0709;Leste;Supra Subprefeitura Leste;Despesa Regionalizável;4370846,81;Região;0,0;0,0;2024
86;FMSAI;Fundo Municipal de Saneamento Ambiental e Infraestrutura;3002;Acesso à Moradia Adequada;3357;Urbanização de Favelas;CASA VERDE-CACHOEIRINHA;0709;Norte;Subprefeitura Casa Verde/Cachoeirinha;Despesa Regionalizável;1412308,13;Subprefeitura;0,0;0,0;2024
86;FMSAI;Fundo Municipal de Saneamento Ambiental e Infraestrutura;3002;Acesso à Moradia Adequada;3357;Urbanização de Favelas;JACANA-TREMEMBE;0709;Norte;Subprefeitura Jaçanã/Tremembé;Despesa Regionalizável;779326,64;Subprefeitura;0,0;0,0;2024
86;FMSAI;Fundo Municipal de Saneamento Ambiental e Infraestrutura;3002;Acesso à Moradia Adequada;3357;Urbanização de Favelas;PERUS;0709;Norte;Subprefeitura Perus/Anhanguera;Despesa Regionalizável;7571377,66;Subprefeitura;0,0;0,0;2024
86;FMSAI;Fundo Municipal de Saneamento Ambiental e Infraestrutura;3002;Acesso à Moradia Adequada;3357;Urbanização de Favelas;;0709;Norte;Supra Subprefeitura Norte;Despesa Regionalizável;9869455,34;Região;0,0;0,0;2024
86;FMSAI;Fundo Municipal de Saneamento Ambiental e Infraestrutura;3002;Acesso à Moradia Adequada;3357;Urbanização de Favelas;BUTANTA;0709;Oeste;Subprefeitura Butantã;Despesa Regionalizável;1664538,45;Subprefeitura;0,0;0,0;2024
86;FMSAI;Fundo Municipal de Saneamento Ambiental e Infraestrutura;3002;Acesso à Moradia Adequada;3357;Urbanização de Favelas;LAPA;0709;Oeste;Subprefeitura Lapa;Despesa Regionalizável;330337,57;Subprefeitura;0,0;0,0;2024
86;FMSAI;Fundo Municipal de Saneamento Ambiental e Infraestrutura;3002;Acesso à Moradia Adequada;3357;Urbanização de Favelas;PINHEIROS;0709;Oeste;Subprefeitura Pinheiros;Despesa Regionalizável;20687,71;Subprefeitura;0,0;0,0;2024
86;FMSAI;Fundo Municipal de Saneamento Ambiental e Infraestrutura;3002;Acesso à Moradia Adequada;3357;Urbanização de Favelas;;0709;Oeste;Supra Subprefeitura Oeste;Despesa Regionalizável;336705,88;Região;0,0;0,0;2024
86;FMSAI;Fundo Municipal de Saneamento Ambiental e Infraestrutura;3002;Acesso à Moradia Adequada;3357;Urbanização de Favelas;CAMPO LIMPO;0709;Sul;Subprefeitura Campo Limpo;Despesa Regionalizável;1784883,64;Subprefeitura;0,0;0,0;2024
86;FMSAI;Fundo Municipal de Saneamento Ambiental e Infraestrutura;3002;Acesso à Moradia Adequada;3357;Urbanização de Favelas;M BOI MIRIM;0709;Sul;Subprefeitura M'Boi Mirim;Despesa Regionalizável;29976,41;Subprefeitura;0,0;0,0;2024
86;FMSAI;Fundo Municipal de Saneamento Ambiental e Infraestrutura;3002;Acesso à Moradia Adequada;3357;Urbanização de Favelas;SANTO AMARO;0709;Sul;Subprefeitura Santo Amaro;Despesa Regionalizável;28622,35;Subprefeitura;0,0;0,0;2024
86;FMSAI;Fundo Municipal de Saneamento Ambiental e Infraestrutura;3002;Acesso à Moradia Adequada;3357;Urbanização de Favelas;;0709;Sul;Supra Subprefeitura Sul;Despesa Regionalizável;15402962,7;Região;0,0;0,0;2024
86;FMSAI;Fundo Municipal de Saneamento Ambiental e Infraestrutura;3005;Promoção da Sustentabilidade Ambiental;3355;Execução do Programa de Mananciais;CAPELA DO SOCORRO;0709;Sul;Subprefeitura Capela do Socorro;Despesa Regionalizável;312479447,39;Subprefeitura;0,0;0,0;2024
86;FMSAI;Fundo Municipal de Saneamento Ambiental e Infraestrutura;3005;Promoção da Sustentabilidade Ambiental;3355;Execução do Programa de Mananciais;CIDADE ADEMAR;0709;Sul;Subprefeitura Cidade Ademar;Despesa Regionalizável;101227010,35;Subprefeitura;0,0;0,0;2024
86;FMSAI;Fundo Municipal de Saneamento Ambiental e Infraestrutura;3005;Promoção da Sustentabilidade Ambiental;3355;Execução do Programa de Mananciais;M BOI MIRIM;0709;Sul;Subprefeitura M'Boi Mirim;Despesa Regionalizável;139838493,5;Subprefeitura;0,0;0,0;2024
86;FMSAI;Fundo Municipal de Saneamento Ambiental e Infraestrutura;3005;Promoção da Sustentabilidade Ambiental;3355;Execução do Programa de Mananciais;PARELHEIROS;0709;Sul;Subprefeitura Parelheiros;Despesa Regionalizável;49275509,43;Subprefeitura;0,0;0,0;2024
86;FMSAI;Fundo Municipal de Saneamento Ambiental e Infraestrutura;3005;Promoção da Sustentabilidade Ambiental;3355;Execução do Programa de Mananciais;;0709;Sul;Supra Subprefeitura Sul;Despesa Regionalizável;25022392,21;Região;0,0;0,0;2024
91;FMH;Fundo Municipal de Habitação;3002;Acesso à Moradia Adequada;1276;Projetos e Ações de Apoio Habitacional;SE;8011;Centro;Subprefeitura Sé;Despesa Regionalizável;43474,84;Subprefeitura;0,0;0,0;2024
91;FMH;Fundo Municipal de Habitação;3002;Acesso à Moradia Adequada;1276;Projetos e Ações de Apoio Habitacional;ARICANDUVA-FORMOSA-CARRAO;8011;Leste;Subprefeitura Aricanduva/Formosa/Carrão;Despesa Regionalizável;43174,82;Subprefeitura;0,0;0,0;2024
91;FMH;Fundo Municipal de Habitação;3002;Acesso à Moradia Adequada;1276;Projetos e Ações de Apoio Habitacional;PENHA;8011;Leste;Subprefeitura Penha;Despesa Regionalizável;73,74;Subprefeitura;0,0;0,0;2024
91;FMH;Fundo Municipal de Habitação;3002;Acesso à Moradia Adequada;1276;Projetos e Ações de Apoio Habitacional;CASA VERDE-CACHOEIRINHA;8011;Norte;Subprefeitura Casa Verde/Cachoeirinha;Despesa Regionalizável;264750,24;Subprefeitura;0,0;0,0;2024
91;FMH;Fundo Municipal de Habitação;3002;Acesso à Moradia Adequada;3340;Programa Pode Entrar;SE;8011;Centro;Subprefeitura Sé;Despesa Regionalizável;47221,41;Subprefeitura;0,0;0,0;2024
91;FMH;Fundo Municipal de Habitação;3002;Acesso à Moradia Adequada;3340;Programa Pode Entrar;SE;9001;Centro;Subprefeitura Sé;Despesa Regionalizável;77450037,96;Subprefeitura;0,0;0,0;2024
91;FMH;Fundo Municipal de Habitação;3002;Acesso à Moradia Adequada;3340;Programa Pode Entrar;CIDADE TIRADENTES;9001;Leste;Subprefeitura Cidade Tiradentes;Despesa Regionalizável;2181314,52;Subprefeitura;0,0;0,0;2024
91;FMH;Fundo Municipal de Habitação;3002;Acesso à Moradia Adequada;3340;Programa Pode Entrar;ITAQUERA;9001;Leste;Subprefeitura Itaquera;Despesa Regionalizável;7070669,88;Subprefeitura;0,0;0,0;2024
91;FMH;Fundo Municipal de Habitação;3002;Acesso à Moradia Adequada;3340;Programa Pode Entrar;MOOCA;9001;Leste;Subprefeitura Mooca;Despesa Regionalizável;9296022,57;Subprefeitura;0,0;0,0;2024
91;FMH;Fundo Municipal de Habitação;3002;Acesso à Moradia Adequada;3340;Programa Pode Entrar;SAO MATEUS;9001;Leste;Subprefeitura São Mateus;Despesa Regionalizável;4699889,75;Subprefeitura;0,0;0,0;2024
91;FMH;Fundo Municipal de Habitação;3002;Acesso à Moradia Adequada;3340;Programa Pode Entrar;GUAIANASES;9001;Leste;Subprefeitura de Guaianases;Despesa Regionalizável;26305393,5;Subprefeitura;0,0;0,0;2024
91;FMH;Fundo Municipal de Habitação;3002;Acesso à Moradia Adequada;3340;Programa Pode Entrar;VILA MARIA-VILA GUILHERME;9001;Norte;Subprefeitura Vila Maria/Vila Guilherme;Despesa Regionalizável;3561746,79;Subprefeitura;0,0;0,0;2024
91;FMH;Fundo Municipal de Habitação;3002;Acesso à Moradia Adequada;3340;Programa Pode Entrar;IPIRANGA;9001;Sul;Subprefeitura Ipiranga;Despesa Regionalizável;8113,45;Subprefeitura;0,0;0,0;2024
91;FMH;Fundo Municipal de Habitação;3002;Acesso à Moradia Adequada;3353;Ampliação, Reforma e Requalificação de Unidades Habitacionais;CASA VERDE-CACHOEIRINHA;8011;Norte;Subprefeitura Casa Verde/Cachoeirinha;Despesa Regionalizável;1484298,19;Subprefeitura;0,0;0,0;2024
91;FMH;Fundo Municipal de Habitação;3002;Acesso à Moradia Adequada;3353;Ampliação, Reforma e Requalificação de Unidades Habitacionais;JACANA-TREMEMBE;8011;Norte;Subprefeitura Jaçanã/Tremembé;Despesa Regionalizável;57890,15;Subprefeitura;0,0;0,0;2024
91;FMH;Fundo Municipal de Habitação;3002;Acesso à Moradia Adequada;3354;Construção de Unidades Habitacionais;VILA PRUDENTE;8011;Leste;Subprefeitura de Vila Prudente;Despesa Regionalizável;972660,61;Subprefeitura;0,0;0,0;2024
91;FMH;Fundo Municipal de Habitação;3002;Acesso à Moradia Adequada;3356;Regularização Fundiária;VILA MARIA-VILA GUILHERME;8011;Norte;Subprefeitura Vila Maria/Vila Guilherme;Despesa Regionalizável;567892,27;Subprefeitura;0,0;0,0;2024
91;FMH;Fundo Municipal de Habitação;3002;Acesso à Moradia Adequada;3356;Regularização Fundiária;IPIRANGA;8011;Sul;Subprefeitura Ipiranga;Despesa Regionalizável;2746554,25;Subprefeitura;0,0;0,0;2024
91;FMH;Fundo Municipal de Habitação;3002;Acesso à Moradia Adequada;3358;Locação Social;SE;8011;Centro;Subprefeitura Sé;Despesa Regionalizável;2968217,86;Subprefeitura;0,0;0,0;2024
91;FMH;Fundo Municipal de Habitação;3002;Acesso à Moradia Adequada;4353;Manutenção de Unidades Habitacionais;SE;8011;Centro;Subprefeitura Sé;Despesa Regionalizável;4329149,42;Subprefeitura;0,0;0,0;2024
91;FMH;Fundo Municipal de Habitação;3002;Acesso à Moradia Adequada;4353;Manutenção de Unidades Habitacionais;MOOCA;8011;Leste;Subprefeitura Mooca;Despesa Regionalizável;122467,13;Subprefeitura;0,0;0,0;2024
91;FMH;Fundo Municipal de Habitação;3002;Acesso à Moradia Adequada;4353;Manutenção de Unidades Habitacionais;CASA VERDE-CACHOEIRINHA;8011;Norte;Subprefeitura Casa Verde/Cachoeirinha;Despesa Regionalizável;1114206,59;Subprefeitura;0,0;0,0;2024
91;FMH;Fundo Municipal de Habitação;3024;Suporte Administrativo;2611;Administração da Carteira Imobiliária;;8011;Supra-Regional;Supra Subprefeitura;Despesa Não-Regionalizável;4006807,77;Não regionalizável;0,0;0,0;2024
91;FMH;Fundo Municipal de Habitação;3024;Suporte Administrativo;2611;Administração da Carteira Imobiliária;;9001;Supra-Regional;Supra Subprefeitura;Despesa Não-Regionalizável;17453256,46;Não regionalizável;0,0;0,0;2024
98;FUNDURB;Fundo de Desenvolvimento Urbano;3002;Acesso à Moradia Adequada;3340;Programa Pode Entrar;SE;0402;Centro;Subprefeitura Sé;Despesa Regionalizável;26002377,38;Subprefeitura;0,0;0,0;2024
98;FUNDURB;Fundo de Desenvolvimento Urbano;3002;Acesso à Moradia Adequada;3340;Programa Pode Entrar;CIDADE TIRADENTES;0402;Leste;Subprefeitura Cidade Tiradentes;Despesa Regionalizável;14398941,96;Subprefeitura;0,0;0,0;2024
98;FUNDURB;Fundo de Desenvolvimento Urbano;3002;Acesso à Moradia Adequada;3340;Programa Pode Entrar;ITAIM PAULISTA;0402;Leste;Subprefeitura Itaim Paulista;Despesa Regionalizável;129524,0;Subprefeitura;0,0;0,0;2024
98;FUNDURB;Fundo de Desenvolvimento Urbano;3002;Acesso à Moradia Adequada;3340;Programa Pode Entrar;ITAQUERA;0402;Leste;Subprefeitura Itaquera;Despesa Regionalizável;47400584,87;Subprefeitura;0,0;0,0;2024
98;FUNDURB;Fundo de Desenvolvimento Urbano;3002;Acesso à Moradia Adequada;3340;Programa Pode Entrar;MOOCA;0402;Leste;Subprefeitura Mooca;Despesa Regionalizável;36168952,41;Subprefeitura;0,0;0,0;2024
98;FUNDURB;Fundo de Desenvolvimento Urbano;3002;Acesso à Moradia Adequada;3340;Programa Pode Entrar;PENHA;0402;Leste;Subprefeitura Penha;Despesa Regionalizável;14642541,33;Subprefeitura;0,0;0,0;2024
98;FUNDURB;Fundo de Desenvolvimento Urbano;3002;Acesso à Moradia Adequada;3340;Programa Pode Entrar;SAPOPEMBA;0402;Leste;Subprefeitura Sapopemba;Despesa Regionalizável;556171,17;Subprefeitura;0,0;0,0;2024
98;FUNDURB;Fundo de Desenvolvimento Urbano;3002;Acesso à Moradia Adequada;3340;Programa Pode Entrar;SAO MATEUS;0402;Leste;Subprefeitura São Mateus;Despesa Não-Regionalizável;1134976,99;Subprefeitura;0,0;0,0;2024
98;FUNDURB;Fundo de Desenvolvimento Urbano;3002;Acesso à Moradia Adequada;3340;Programa Pode Entrar;SAO MATEUS;0402;Leste;Subprefeitura São Mateus;Despesa Regionalizável;82581639,33;Subprefeitura;0,0;0,0;2024
98;FUNDURB;Fundo de Desenvolvimento Urbano;3002;Acesso à Moradia Adequada;3340;Programa Pode Entrar;GUAIANASES;0402;Leste;Subprefeitura de Guaianases;Despesa Regionalizável;69598830,79;Subprefeitura;0,0;0,0;2024
98;FUNDURB;Fundo de Desenvolvimento Urbano;3002;Acesso à Moradia Adequada;3340;Programa Pode Entrar;FREGUESIA-BRASILANDIA;0402;Norte;Subprefeitura Freguesia/Brasilândia;Despesa Regionalizável;3512875,66;Subprefeitura;0,0;0,0;2024
98;FUNDURB;Fundo de Desenvolvimento Urbano;3002;Acesso à Moradia Adequada;3340;Programa Pode Entrar;JACANA-TREMEMBE;0402;Norte;Subprefeitura Jaçanã/Tremembé;Despesa Regionalizável;3212968,63;Subprefeitura;0,0;0,0;2024
98;FUNDURB;Fundo de Desenvolvimento Urbano;3002;Acesso à Moradia Adequada;3340;Programa Pode Entrar;SANTANA-TUCURUVI;0402;Norte;Subprefeitura Santana/Tucuruvi;Despesa Regionalizável;48375,3;Subprefeitura;0,0;0,0;2024
98;FUNDURB;Fundo de Desenvolvimento Urbano;3002;Acesso à Moradia Adequada;3340;Programa Pode Entrar;VILA MARIA-VILA GUILHERME;0402;Norte;Subprefeitura Vila Maria/Vila Guilherme;Despesa Regionalizável;17160156,96;Subprefeitura;0,0;0,0;2024
98;FUNDURB;Fundo de Desenvolvimento Urbano;3002;Acesso à Moradia Adequada;3340;Programa Pode Entrar;BUTANTA;0402;Oeste;Subprefeitura Butantã;Despesa Regionalizável;59302,63;Subprefeitura;0,0;0,0;2024
98;FUNDURB;Fundo de Desenvolvimento Urbano;3002;Acesso à Moradia Adequada;3340;Programa Pode Entrar;CAMPO LIMPO;0402;Sul;Subprefeitura Campo Limpo;Despesa Regionalizável;6857211,72;Subprefeitura;0,0;0,0;2024
98;FUNDURB;Fundo de Desenvolvimento Urbano;3002;Acesso à Moradia Adequada;3340;Programa Pode Entrar;IPIRANGA;0402;Sul;Subprefeitura Ipiranga;Despesa Regionalizável;3520306,24;Subprefeitura;0,0;0,0;2024
98;FUNDURB;Fundo de Desenvolvimento Urbano;3002;Acesso à Moradia Adequada;3340;Programa Pode Entrar;SANTO AMARO;0402;Sul;Subprefeitura Santo Amaro;Despesa Regionalizável;420000,0;Subprefeitura;0,0;0,0;2024
98;FUNDURB;Fundo de Desenvolvimento Urbano;3002;Acesso à Moradia Adequada;3340;Programa Pode Entrar;;0402;Supra-Regional;Supra Subprefeitura;Despesa Não-Regionalizável;1845886,77;Não regionalizável;0,0;0,0;2024
98;FUNDURB;Fundo de Desenvolvimento Urbano;3002;Acesso à Moradia Adequada;3354;Construção de Unidades Habitacionais;BUTANTA;0402;Oeste;Subprefeitura Butantã;Despesa Regionalizável;3234695,0;Subprefeitura;0,0;0,0;2024
98;FUNDURB;Fundo de Desenvolvimento Urbano;3002;Acesso à Moradia Adequada;3354;Construção de Unidades Habitacionais;LAPA;0402;Oeste;Subprefeitura Lapa;Despesa Regionalizável;6047729,79;Subprefeitura;0,0;0,0;2024
98;FUNDURB;Fundo de Desenvolvimento Urbano;3002;Acesso à Moradia Adequada;3354;Construção de Unidades Habitacionais;CAMPO LIMPO;0402;Sul;Subprefeitura Campo Limpo;Despesa Regionalizável;1106,02;Subprefeitura;0,0;0,0;2024
98;FUNDURB;Fundo de Desenvolvimento Urbano;3002;Acesso à Moradia Adequada;3354;Construção de Unidades Habitacionais;IPIRANGA;0402;Sul;Subprefeitura Ipiranga;Despesa Regionalizável;9215847,72;Subprefeitura;0,0;0,0;2024
98;FUNDURB;Fundo de Desenvolvimento Urbano;3002;Acesso à Moradia Adequada;3354;Construção de Unidades Habitacionais;;0402;Sul;Supra Subprefeitura Sul;Despesa Regionalizável;267055,25;Região;0,0;0,0;2024
98;FUNDURB;Fundo de Desenvolvimento Urbano;3002;Acesso à Moradia Adequada;3357;Urbanização de Favelas;SE;0402;Centro;Subprefeitura Sé;Despesa Regionalizável;4349,29;Subprefeitura;0,0;0,0;2024
98;FUNDURB;Fundo de Desenvolvimento Urbano;3002;Acesso à Moradia Adequada;3357;Urbanização de Favelas;CASA VERDE-CACHOEIRINHA;0402;Norte;Subprefeitura Casa Verde/Cachoeirinha;Despesa Regionalizável;500860,75;Subprefeitura;0,0;0,0;2024
98;FUNDURB;Fundo de Desenvolvimento Urbano;3002;Acesso à Moradia Adequada;3357;Urbanização de Favelas;PERUS;0402;Norte;Subprefeitura Perus/Anhanguera;Despesa Regionalizável;1881790,13;Subprefeitura;0,0;0,0;2024
98;FUNDURB;Fundo de Desenvolvimento Urbano;3002;Acesso à Moradia Adequada;3357;Urbanização de Favelas;;0402;Norte;Supra Subprefeitura Norte;Despesa Regionalizável;542324,64;Região;0,0;0,0;2024
98;FUNDURB;Fundo de Desenvolvimento Urbano;3002;Acesso à Moradia Adequada;3357;Urbanização de Favelas;BUTANTA;0402;Oeste;Subprefeitura Butantã;Despesa Regionalizável;4071164,63;Subprefeitura;0,0;0,0;2024
98;FUNDURB;Fundo de Desenvolvimento Urbano;3002;Acesso à Moradia Adequada;3357;Urbanização de Favelas;LAPA;0402;Oeste;Subprefeitura Lapa;Despesa Regionalizável;5323550,03;Subprefeitura;0,0;0,0;2024
98;FUNDURB;Fundo de Desenvolvimento Urbano;3002;Acesso à Moradia Adequada;3357;Urbanização de Favelas;CAMPO LIMPO;0402;Sul;Subprefeitura Campo Limpo;Despesa Regionalizável;1967784,79;Subprefeitura;0,0;0,0;2024
98;FUNDURB;Fundo de Desenvolvimento Urbano;3002;Acesso à Moradia Adequada;3357;Urbanização de Favelas;IPIRANGA;0402;Sul;Subprefeitura Ipiranga;Despesa Regionalizável;1806010,64;Subprefeitura;0,0;0,0;2024
98;FUNDURB;Fundo de Desenvolvimento Urbano;3002;Acesso à Moradia Adequada;3357;Urbanização de Favelas;;0402;Sul;Supra Subprefeitura Sul;Despesa Regionalizável;3817263,45;Região;0,0;0,0;2024
98;FUNDURB;Fundo de Desenvolvimento Urbano;3005;Promoção da Sustentabilidade Ambiental;3355;Execução do Programa de Mananciais;CAPELA DO SOCORRO;0402;Sul;Subprefeitura Capela do Socorro;Despesa Regionalizável;213148345,35;Subprefeitura;0,0;0,0;2024
98;FUNDURB;Fundo de Desenvolvimento Urbano;3005;Promoção da Sustentabilidade Ambiental;3355;Execução do Programa de Mananciais;CIDADE ADEMAR;0402;Sul;Subprefeitura Cidade Ademar;Despesa Regionalizável;73397866,27;Subprefeitura;0,0;0,0;2024
98;FUNDURB;Fundo de Desenvolvimento Urbano;3005;Promoção da Sustentabilidade Ambiental;3355;Execução do Programa de Mananciais;M BOI MIRIM;0402;Sul;Subprefeitura M'Boi Mirim;Despesa Regionalizável;45442811,83;Subprefeitura;0,0;0,0;2024
98;FUNDURB;Fundo de Desenvolvimento Urbano;3005;Promoção da Sustentabilidade Ambiental;3355;Execução do Programa de Mananciais;PARELHEIROS;0402;Sul;Subprefeitura Parelheiros;Despesa Regionalizável;77003016,31;Subprefeitura;0,0;0,0;2024
98;FUNDURB;Fundo de Desenvolvimento Urbano;3005;Promoção da Sustentabilidade Ambiental;3355;Execução do Programa de Mananciais;SANTO AMARO;0402;Sul;Subprefeitura Santo Amaro;Despesa Regionalizável;700786,33;Subprefeitura;0,0;0,0;2024
07;FMD;Fundo Municipal de Desenvolvimento Social;3002;Acesso à Moradia Adequada;3340;Programa Pode Entrar;;1224;;;;0,0;Não detalhado;1000,0;1000,0;2024
07;FMD;Fundo Municipal de Desenvolvimento Social;3002;Acesso à Moradia Adequada;3354;Construção de Unidades Habitacionais;;1224;;;;0,0;Não detalhado;1000,0;1000,0;2024
07;FMD;Fundo Municipal de Desenvolvimento Social;3002;Acesso à Moradia Adequada;3356;Regularização Fundiária;;1224;;;;0,0;Não detalhado;44985177,0;24985177,0;2024
07;FMD;Fundo Municipal de Desenvolvimento Social;3002;Acesso à Moradia Adequada;3357;Urbanização de Favelas;;1224;;;;0,0;Não detalhado;1000,0;1000,0;2024
07;FMD;Fundo Municipal de Desenvolvimento Social;3005;Promoção da Sustentabilidade Ambiental;3355;Execução do Programa de Mananciais;;1224;;;;0,0;Não detalhado;1000,0;1000,0;2024
14;SEHAB;Secretaria Municipal de Habitação;3002;Acesso à Moradia Adequada;1276;Projetos e Ações de Apoio Habitacional;;0003;;;;0,0;Não detalhado;0,0;0,0;2024
14;SEHAB;Secretaria Municipal de Habitação;3002;Acesso à Moradia Adequada;1276;Projetos e Ações de Apoio Habitacional;;1630;;;;0,0;Não detalhado;0,0;140000000,0;2024
14;SEHAB;Secretaria Municipal de Habitação;3002;Acesso à Moradia Adequada;1276;Projetos e Ações de Apoio Habitacional;;9001;;;;0,0;Não detalhado;1000,0;0,0;2024
14;SEHAB;Secretaria Municipal de Habitação;3002;Acesso à Moradia Adequada;2635;Serviço de Moradia Transitória;;0003;;;;0,0;Não detalhado;0,0;0,0;2024
14;SEHAB;Secretaria Municipal de Habitação;3002;Acesso à Moradia Adequada;2635;Serviço de Moradia Transitória;;9001;;;;123339039,26;Não detalhado;121569483,0;156136250,92000002;2024
14;SEHAB;Secretaria Municipal de Habitação;3002;Acesso à Moradia Adequada;3340;Programa Pode Entrar;;0000;;;;0,0;Não detalhado;2500000000,0;2000000000,0;2024
14;SEHAB;Secretaria Municipal de Habitação;3002;Acesso à Moradia Adequada;3340;Programa Pode Entrar;;0003;;;;0,0;Não detalhado;1000000000,0;810572250,5;2024
14;SEHAB;Secretaria Municipal de Habitação;3002;Acesso à Moradia Adequada;3340;Programa Pode Entrar;;0402;;;;0,0;Não detalhado;491348,0;491348,0;2024
14;SEHAB;Secretaria Municipal de Habitação;3002;Acesso à Moradia Adequada;3340;Programa Pode Entrar;;1202;;;;0,0;Não detalhado;6443863,0;27186557,75;2024
14;SEHAB;Secretaria Municipal de Habitação;3002;Acesso à Moradia Adequada;3340;Programa Pode Entrar;;9001;;;;0,0;Não detalhado;1000,0;1000,0;2024
14;SEHAB;Secretaria Municipal de Habitação;3002;Acesso à Moradia Adequada;3354;Construção de Unidades Habitacionais;;0000;;;;0,0;Não detalhado;33542689,0;18446758,32;2024
14;SEHAB;Secretaria Municipal de Habitação;3002;Acesso à Moradia Adequada;3354;Construção de Unidades Habitacionais;;0003;;;;1743139,29;Não detalhado;0,0;76761527,03999999;2024
14;SEHAB;Secretaria Municipal de Habitação;3002;Acesso à Moradia Adequada;3354;Construção de Unidades Habitacionais;;0595;;;;0,0;Não detalhado;0,0;11604778,8;2024
14;SEHAB;Secretaria Municipal de Habitação;3002;Acesso à Moradia Adequada;3354;Construção de Unidades Habitacionais;;0715;;;;0,0;Não detalhado;0,0;11771760,68;2024
14;SEHAB;Secretaria Municipal de Habitação;3002;Acesso à Moradia Adequada;3354;Construção de Unidades Habitacionais;;0769;;;;0,0;Não detalhado;0,0;3324170,0;2024
14;SEHAB;Secretaria Municipal de Habitação;3002;Acesso à Moradia Adequada;3354;Construção de Unidades Habitacionais;;9001;;;;11948085,84;Não detalhado;3000,0;14553341,299999999;2024
14;SEHAB;Secretaria Municipal de Habitação;3002;Acesso à Moradia Adequada;3356;Regularização Fundiária;;0000;;;;0,0;Não detalhado;1000,0;1000,0;2024
14;SEHAB;Secretaria Municipal de Habitação;3002;Acesso à Moradia Adequada;3356;Regularização Fundiária;;0003;;;;0,0;Não detalhado;0,0;41237739,43;2024
14;SEHAB;Secretaria Municipal de Habitação;3002;Acesso à Moradia Adequada;3356;Regularização Fundiária;;1284;;;;0,0;Não detalhado;0,0;0,0;2024
14;SEHAB;Secretaria Municipal de Habitação;3002;Acesso à Moradia Adequada;3356;Regularização Fundiária;;7004;;;;0,0;Não detalhado;0,0;150000,0;2024
14;SEHAB;Secretaria Municipal de Habitação;3002;Acesso à Moradia Adequada;3356;Regularização Fundiária;;7018;;;;0,0;Não detalhado;0,0;300000,0;2024
14;SEHAB;Secretaria Municipal de Habitação;3002;Acesso à Moradia Adequada;3356;Regularização Fundiária;;9001;;;;0,0;Não detalhado;3000,0;7057159,85;2024
14;SEHAB;Secretaria Municipal de Habitação;3002;Acesso à Moradia Adequada;3357;Urbanização de Favelas;;0000;;;;0,0;Não detalhado;18043786,0;695947,59;2024
14;SEHAB;Secretaria Municipal de Habitação;3002;Acesso à Moradia Adequada;3357;Urbanização de Favelas;;0003;;;;3174928,61;Não detalhado;0,0;102857497,07;2024
14;SEHAB;Secretaria Municipal de Habitação;3002;Acesso à Moradia Adequada;3357;Urbanização de Favelas;;0747;;;;0,0;Não detalhado;0,0;12889795,56;2024
14;SEHAB;Secretaria Municipal de Habitação;3002;Acesso à Moradia Adequada;3357;Urbanização de Favelas;;1221;;;;358270,69;Não detalhado;0,0;358270,69;2024
14;SEHAB;Secretaria Municipal de Habitação;3002;Acesso à Moradia Adequada;3357;Urbanização de Favelas;;1322;;;;0,0;Não detalhado;0,0;15689567,72;2024
14;SEHAB;Secretaria Municipal de Habitação;3002;Acesso à Moradia Adequada;3357;Urbanização de Favelas;;7015;;;;0,0;Não detalhado;0,0;0,0;2024
14;SEHAB;Secretaria Municipal de Habitação;3002;Acesso à Moradia Adequada;3357;Urbanização de Favelas;;7999;;;;0,0;Não detalhado;0,0;725446,51;2024
14;SEHAB;Secretaria Municipal de Habitação;3002;Acesso à Moradia Adequada;3357;Urbanização de Favelas;;9001;;;;153361,53;Não detalhado;3000,0;10103676,14;2024
14;SEHAB;Secretaria Municipal de Habitação;3002;Acesso à Moradia Adequada;3358;Locação Social;;9001;;;;0,0;Não detalhado;2000,0;0,0;2024
14;SEHAB;Secretaria Municipal de Habitação;3002;Acesso à Moradia Adequada;5390;Ações de Desocupação de Prédios Públicos, Entroncamentos e Vias Arteriais/Marginais;;9001;;;;0,0;Não detalhado;1000,0;1000,0;2024
14;SEHAB;Secretaria Municipal de Habitação;3002;Acesso à Moradia Adequada;7209;Contraprestação de Parceria Público-Privada (PPP) - Habitação;;9001;;;;0,0;Não detalhado;1000,0;1000,0;2024
14;SEHAB;Secretaria Municipal de Habitação;3002;Acesso à Moradia Adequada;8060;Programa MORAR MELHOR: recursos para a viabilização do programa Morar Melhor (PL 731/21, aprovado em 2a discussão).;;9001;;;;0,0;Não detalhado;10000000,0;0,0;2024
14;SEHAB;Secretaria Municipal de Habitação;3002;Acesso à Moradia Adequada;9207;Programa Lote Urbanizado , previsto na lei 17.474/20, através da Implantação de Infraestrutura Básica, Rede de Esgoto, Rede de Energia Elétrica, Sistema de Drenagem de Água Pluviais, Guias, Sarjetas e Pavimentação.;;9001;;;;0,0;Não detalhado;20000000,0;0,0;2024
14;SEHAB;Secretaria Municipal de Habitação;3005;Promoção da Sustentabilidade Ambiental;3355;Execução do Programa de Mananciais;;0000;;;;0,0;Não detalhado;6286572,0;6286572,0;2024
14;SEHAB;Secretaria Municipal de Habitação;3005;Promoção da Sustentabilidade Ambiental;3355;Execução do Programa de Mananciais;;0003;;;;0,0;Não detalhado;0,0;70192055,89;2024
14;SEHAB;Secretaria Municipal de Habitação;3005;Promoção da Sustentabilidade Ambiental;3355;Execução do Programa de Mananciais;;9001;;;;0,0;Não detalhado;3000,0;1000,0;2024
14;SEHAB;Secretaria Municipal de Habitação;3011;Modernização Tecnológica, Desburocratização e Inovação do Serviço Público;1220;Desenvolvimento de Sistemas de Informação e Comunicação;;9001;;;;0,0;Não detalhado;1000,0;0,0;2024
14;SEHAB;Secretaria Municipal de Habitação;3024;Suporte Administrativo;2100;Administração da Unidade;;9001;;;;77750092,62;Não detalhado;65332087,0;81935407,78;2024
14;SEHAB;Secretaria Municipal de Habitação;3024;Suporte Administrativo;2106;Manutenção e Operação do Programa de Estágios;;9001;;;;569432,49;Não detalhado;249000,0;801115,38;2024
14;SEHAB;Secretaria Municipal de Habitação;3024;Suporte Administrativo;2171;Manutenção e Operação de Sistemas de Informação e Comunicação;;9001;;;;6476465,68;Não detalhado;9000000,0;8538748,92;2024
29;SMUL;Secretaria Municipal de Urbanismo e Licenciamento;3002;Acesso à Moradia Adequada;3354;Construção de Unidades Habitacionais;;0624;;;;6247,5;Não detalhado;94178160,0;98838160,0;2024
29;SMUL;Secretaria Municipal de Urbanismo e Licenciamento;3002;Acesso à Moradia Adequada;3354;Construção de Unidades Habitacionais;;0625;;;;0,0;Não detalhado;53769062,0;53769062,0;2024
29;SMUL;Secretaria Municipal de Urbanismo e Licenciamento;3002;Acesso à Moradia Adequada;3354;Construção de Unidades Habitacionais;;0699;;;;0,0;Não detalhado;26400,0;26400,0;2024
29;SMUL;Secretaria Municipal de Urbanismo e Licenciamento;3002;Acesso à Moradia Adequada;3354;Construção de Unidades Habitacionais;;0700;;;;0,0;Não detalhado;1840000,0;1840000,0;2024
29;SMUL;Secretaria Municipal de Urbanismo e Licenciamento;3002;Acesso à Moradia Adequada;3354;Construção de Unidades Habitacionais;;0707;;;;0,0;Não detalhado;111874046,0;111874046,0;2024
29;SMUL;Secretaria Municipal de Urbanismo e Licenciamento;3002;Acesso à Moradia Adequada;3354;Construção de Unidades Habitacionais;;0710;;;;0,0;Não detalhado;63471920,0;76916681,94;2024
29;SMUL;Secretaria Municipal de Urbanismo e Licenciamento;3002;Acesso à Moradia Adequada;3354;Construção de Unidades Habitacionais;;0717;;;;0,0;Não detalhado;4000,0;4000,0;2024
29;SMUL;Secretaria Municipal de Urbanismo e Licenciamento;3002;Acesso à Moradia Adequada;3354;Construção de Unidades Habitacionais;;0719;;;;0,0;Não detalhado;1432816,0;1432816,0;2024
29;SMUL;Secretaria Municipal de Urbanismo e Licenciamento;3002;Acesso à Moradia Adequada;3354;Construção de Unidades Habitacionais;;0964;;;;0,0;Não detalhado;904000,0;904000,0;2024
29;SMUL;Secretaria Municipal de Urbanismo e Licenciamento;3002;Acesso à Moradia Adequada;3356;Regularização Fundiária;;0719;;;;0,0;Não detalhado;1000,0;1000,0;2024
29;SMUL;Secretaria Municipal de Urbanismo e Licenciamento;3002;Acesso à Moradia Adequada;3357;Urbanização de Favelas;;0625;;;;0,0;Não detalhado;3830938,0;3830938,0;2024
29;SMUL;Secretaria Municipal de Urbanismo e Licenciamento;3002;Acesso à Moradia Adequada;3357;Urbanização de Favelas;;0710;;;;0,0;Não detalhado;1000,0;1000,0;2024
29;SMUL;Secretaria Municipal de Urbanismo e Licenciamento;3002;Acesso à Moradia Adequada;3357;Urbanização de Favelas;;0964;;;;0,0;Não detalhado;1000,0;1000,0;2024
83;COHAB;Companhia Metropolitana de Habitação de São Paulo;3002;Acesso à Moradia Adequada;1276;Projetos e Ações de Apoio Habitacional;;9001;;;;0,0;Não detalhado;5146799,0;0,0;2024
83;COHAB;Companhia Metropolitana de Habitação de São Paulo;3002;Acesso à Moradia Adequada;3353;Ampliação, Reforma e Requalificação de Unidades Habitacionais;;8003;;;;0,0;Não detalhado;11700000,0;14403230,61;2024
83;COHAB;Companhia Metropolitana de Habitação de São Paulo;3002;Acesso à Moradia Adequada;3353;Ampliação, Reforma e Requalificação de Unidades Habitacionais;;9001;;;;0,0;Não detalhado;2000,0;2000,0;2024
83;COHAB;Companhia Metropolitana de Habitação de São Paulo;3002;Acesso à Moradia Adequada;3354;Construção de Unidades Habitacionais;;0003;;;;0,0;Não detalhado;0,0;21149750,39;2024
83;COHAB;Companhia Metropolitana de Habitação de São Paulo;3002;Acesso à Moradia Adequada;3354;Construção de Unidades Habitacionais;;8003;;;;528525,32;Não detalhado;44274369,0;40661557,51;2024
83;COHAB;Companhia Metropolitana de Habitação de São Paulo;3002;Acesso à Moradia Adequada;3354;Construção de Unidades Habitacionais;;9001;;;;0,0;Não detalhado;2000,0;1000,13;2024
83;COHAB;Companhia Metropolitana de Habitação de São Paulo;3002;Acesso à Moradia Adequada;3356;Regularização Fundiária;;8003;;;;58959,08;Não detalhado;57400000,0;222405723,98999998;2024
83;COHAB;Companhia Metropolitana de Habitação de São Paulo;3002;Acesso à Moradia Adequada;3356;Regularização Fundiária;;9001;;;;0,0;Não detalhado;3559150,0;2075738,17;2024
83;COHAB;Companhia Metropolitana de Habitação de São Paulo;3002;Acesso à Moradia Adequada;3661;Parceria Público Privada - Habitação;;8003;;;;0,03;Não detalhado;65627528,0;93312389,58;2024
83;COHAB;Companhia Metropolitana de Habitação de São Paulo;3002;Acesso à Moradia Adequada;3661;Parceria Público Privada - Habitação;;9001;;;;0,0;Não detalhado;2000,0;52951688,68;2024
83;COHAB;Companhia Metropolitana de Habitação de São Paulo;3002;Acesso à Moradia Adequada;4353;Manutenção de Unidades Habitacionais;;9001;;;;0,0;Não detalhado;7999641,0;11338372,24;2024
83;COHAB;Companhia Metropolitana de Habitação de São Paulo;3011;Modernização Tecnológica, Desburocratização e Inovação do Serviço Público;2818;Aquisição de Materiais, Equipamentos e Serviços de Informação e Comunicação;;8003;;;;0,0;Não detalhado;14608103,0;18715320,35;2024
83;COHAB;Companhia Metropolitana de Habitação de São Paulo;3024;Suporte Administrativo;2100;Administração da Unidade;;8003;;;;0,0;Não detalhado;1090000,0;26705063,83;2024
83;COHAB;Companhia Metropolitana de Habitação de São Paulo;3024;Suporte Administrativo;2100;Administração da Unidade;;9001;;;;31504,2;Não detalhado;71612322,0;114273488,45;2024
83;COHAB;Companhia Metropolitana de Habitação de São Paulo;3024;Suporte Administrativo;2106;Manutenção e Operação do Programa de Estágios;;9001;;;;0,0;Não detalhado;549996,0;2179575,0;2024
83;COHAB;Companhia Metropolitana de Habitação de São Paulo;3024;Suporte Administrativo;2171;Manutenção e Operação de Sistemas de Informação e Comunicação;;9001;;;;1277,46;Não detalhado;1002344,0;3554140,1;2024
83;COHAB;Companhia Metropolitana de Habitação de São Paulo;3024;Suporte Administrativo;2611;Administração da Carteira Imobiliária;;8003;;;;0,0;Não detalhado;0,0;4620000,0;2024
83;COHAB;Companhia Metropolitana de Habitação de São Paulo;3024;Suporte Administrativo;2611;Administração da Carteira Imobiliária;;9001;;;;136800,97;Não detalhado;19295651,0;53386492,81;2024
86;FMSAI;Fundo Municipal de Saneamento Ambiental e Infraestrutura;3002;Acesso à Moradia Adequada;3354;Construção de Unidades Habitacionais;;0709;;;;1000000,01;Não detalhado;45923249,0;76403689,28999999;2024
86;FMSAI;Fundo Municipal de Saneamento Ambiental e Infraestrutura;3002;Acesso à Moradia Adequada;3356;Regularização Fundiária;;0709;;;;800870,14;Não detalhado;5001000,0;75731849,24000001;2024
86;FMSAI;Fundo Municipal de Saneamento Ambiental e Infraestrutura;3002;Acesso à Moradia Adequada;3357;Urbanização de Favelas;;0709;;;;362,55;Não detalhado;92669907,0;157425841,35;2024
86;FMSAI;Fundo Municipal de Saneamento Ambiental e Infraestrutura;3005;Promoção da Sustentabilidade Ambiental;3355;Execução do Programa de Mananciais;;0709;;;;30650,23;Não detalhado;163740044,0;751740044,0;2024
91;FMH;Fundo Municipal de Habitação;3002;Acesso à Moradia Adequada;1276;Projetos e Ações de Apoio Habitacional;;8011;;;;0,0;Não detalhado;2500000,0;2500000,0;2024
91;FMH;Fundo Municipal de Habitação;3002;Acesso à Moradia Adequada;3340;Programa Pode Entrar;;0003;;;;0,0;Não detalhado;0,0;0,0;2024
91;FMH;Fundo Municipal de Habitação;3002;Acesso à Moradia Adequada;3340;Programa Pode Entrar;;8011;;;;0,0;Não detalhado;0,0;47221,41;2024
91;FMH;Fundo Municipal de Habitação;3002;Acesso à Moradia Adequada;3340;Programa Pode Entrar;;9001;;;;3752861,6;Não detalhado;4000,0;147454037,96;2024
91;FMH;Fundo Municipal de Habitação;3002;Acesso à Moradia Adequada;3353;Ampliação, Reforma e Requalificação de Unidades Habitacionais;;8011;;;;0,0;Não detalhado;12300000,0;12252778,59;2024
91;FMH;Fundo Municipal de Habitação;3002;Acesso à Moradia Adequada;3353;Ampliação, Reforma e Requalificação de Unidades Habitacionais;;9001;;;;0,0;Não detalhado;2000,0;2000,0;2024
91;FMH;Fundo Municipal de Habitação;3002;Acesso à Moradia Adequada;3354;Construção de Unidades Habitacionais;;0135;;;;0,0;Não detalhado;0,0;69089,7;2024
91;FMH;Fundo Municipal de Habitação;3002;Acesso à Moradia Adequada;3354;Construção de Unidades Habitacionais;;8011;;;;0,0;Não detalhado;2574700,0;2574700,0;2024
91;FMH;Fundo Municipal de Habitação;3002;Acesso à Moradia Adequada;3354;Construção de Unidades Habitacionais;;9001;;;;0,0;Não detalhado;3000,0;2000,0;2024
91;FMH;Fundo Municipal de Habitação;3002;Acesso à Moradia Adequada;3356;Regularização Fundiária;;8011;;;;0,0;Não detalhado;0,0;3314446,52;2024
91;FMH;Fundo Municipal de Habitação;3002;Acesso à Moradia Adequada;3356;Regularização Fundiária;;9001;;;;0,0;Não detalhado;2000,0;0,0;2024
91;FMH;Fundo Municipal de Habitação;3002;Acesso à Moradia Adequada;3358;Locação Social;;8011;;;;0,0;Não detalhado;1100000,0;3644688,24;2024
91;FMH;Fundo Municipal de Habitação;3002;Acesso à Moradia Adequada;3358;Locação Social;;9001;;;;0,0;Não detalhado;2000,0;2000,0;2024
91;FMH;Fundo Municipal de Habitação;3002;Acesso à Moradia Adequada;4353;Manutenção de Unidades Habitacionais;;8011;;;;0,0;Não detalhado;14545000,0;14545000,0;2024
91;FMH;Fundo Municipal de Habitação;3002;Acesso à Moradia Adequada;4353;Manutenção de Unidades Habitacionais;;9001;;;;0,0;Não detalhado;0,0;0,0;2024
91;FMH;Fundo Municipal de Habitação;3024;Suporte Administrativo;2611;Administração da Carteira Imobiliária;;8011;;;;3000,4;Não detalhado;8318424,0;8318424,0;2024
91;FMH;Fundo Municipal de Habitação;3024;Suporte Administrativo;2611;Administração da Carteira Imobiliária;;9001;;;;0,0;Não detalhado;19608978,0;20318903,63;2024
98;FUNDURB;Fundo de Desenvolvimento Urbano;3002;Acesso à Moradia Adequada;3340;Programa Pode Entrar;;0402;;;;0,04;Não detalhado;417669105,0;417669105,01;2024
98;FUNDURB;Fundo de Desenvolvimento Urbano;3002;Acesso à Moradia Adequada;3354;Construção de Unidades Habitacionais;;0402;;;;188764,39;Não detalhado;3000,0;31604875,13;2024
98;FUNDURB;Fundo de Desenvolvimento Urbano;3002;Acesso à Moradia Adequada;3356;Regularização Fundiária;;0402;;;;0,0;Não detalhado;3000,0;3000,0;2024
98;FUNDURB;Fundo de Desenvolvimento Urbano;3002;Acesso à Moradia Adequada;3357;Urbanização de Favelas;;0402;;;;0,0;Não detalhado;51895443,0;20293567,87;2024
98;FUNDURB;Fundo de Desenvolvimento Urbano;3002;Acesso à Moradia Adequada;3358;Locação Social;;0402;;;;0,0;Não detalhado;1000,0;1000,0;2024
98;FUNDURB;Fundo de Desenvolvimento Urbano;3005;Promoção da Sustentabilidade Ambiental;3355;Execução do Programa de Mananciais;;0402;;;;517896,18;Não detalhado;117884931,0;437948162,64;2024
